{
  "gainMapMax": [
    15.684748620421626,
    15.684748620421626,
    15.684748620421626
  ],
  "gainMapMin": [
    0,
    0,
    0
  ],
  "gamma": [
    1,
    1,
    1
  ],
  "hdrCapacityMax": 15.684748620421626,
  "hdrCapacityMin": 0,
  "offsetHdr": [
    0.015625,
    0.015625,
    0.015625
  ],
  "offsetSdr": [
    0.015625,
    0.015625,
    0.015625
  ]
}